name,dimension,optimal_solution,ADASNOBFIT,ADAMISO,SNOBFIT,MISO,gap_ADASNOBFIT,gap_ADAMISO,gap_SNOBFIT,gap_MISO
autocorr_bern20-03,20,-72.0,-72.0,-72.0,-60.0,-72.0,0.0,0.0,0.16666666666435184,0.0
autocorr_bern20-05,20,-416.0,-412.0,-412.0,-412.0,-412.0,0.009615384615361502,0.009615384615361502,0.009615384615361502,0.009615384615361502
autocorr_bern20-10,20,-2936.0,-2896.0,-2920.0,-2896.0,-2928.0,0.013623978201630237,0.005449591280652095,0.013623978201630237,0.0027247956403260473
autocorr_bern20-15,20,-5960.0,-5856.0,-5908.0,-5828.0,-5876.0,0.01744966442952727,0.008724832214763636,0.02214765100670769,0.014093959731541258
autocorr_bern25-03,25,-92.0,-72.0,-68.0,-64.0,-92.0,0.21739130434546314,0.26086956521455573,0.30434782608364835,0.0
autocorr_bern25-06,25,-960.0,-936.0,-944.0,-904.0,-960.0,0.02499999999997396,0.016666666666649305,0.05833333333327257,0.0
autocorr_bern25-13,25,-8148.0,-7892.0,-7992.0,-7888.0,-8100.0,0.031418753068233746,0.01914580265095494,0.0319096710849249,0.005891016200293827
autocorr_bern25-19,25,-14604.0,-14440.0,-14452.0,-14368.0,-14548.0,0.011229800054778744,0.010408107367843714,0.016159956176388924,0.0038345658723634734
autocorr_bern25-25,25,-10644.0,-10352.0,-10296.0,-10328.0,-10568.0,0.027433295753473558,0.032694475760989036,0.029688087185265905,0.007140172867342433
autocorr_bern30-04,30,-324.0,-280.0,-272.0,-280.0,-308.0,0.13580246913538332,0.1604938271599985,0.13580246913538332,0.0493827160492303
autocorr_bern30-08,30,-2952.0,-2836.0,-2844.0,-2904.0,-2920.0,0.03929539295391623,0.03658536585364614,0.01626016260162051,0.010840108401080338
autocorr_bern30-15,30,-15680.0,-15308.0,-15316.0,-15376.0,-15468.0,0.023724489795916855,0.023214285714284234,0.019387755102039578,0.013520408163264443
autocorr_bern30-23,30,-30312.0,-30192.0,-30012.0,-29976.0,-30312.0,0.00395882818685656,0.0098970704671414,0.011084718923198367,0.0
autocorr_bern30-30,30,-22688.0,-22368.0,-21720.0,-22008.0,-22680.0,0.014104372355429561,0.04266572637517442,0.029971791255287816,0.000352609308885739
autocorr_bern35-04,35,-384.0,-332.0,-332.0,-348.0,-360.0,0.13541666666631402,0.13541666666631402,0.09374999999975586,0.06249999999983724
autocorr_bern35-09,35,-5076.0,-4932.0,-4904.0,-4900.0,-5016.0,0.028368794326235545,0.03388494877855912,0.034672970843176776,0.01182033096926481
autocorr_bern35-18,35,-31104.0,-30640.0,-30512.0,-30696.0,-30952.0,0.01491769547325055,0.019032921810698978,0.013117283950616862,0.004886831275720007
autocorr_bern35-26,35,-55016.0,-54528.0,-54512.0,-54688.0,-54952.0,0.008870146866365987,0.009160971353787822,0.005961901992147631,0.0011632979496873426
autocorr_bern35-35,35,-40776.0,-38095.875,-38120.585938,-38151.039062,-40117.277344,0.06572800176574295,0.06512198504021822,0.06437514562487572,0.016154665881890868
autocorr_bern35-35fix,35,-40776.0,-39540.0,-39000.0,-39028.0,-40776.0,0.030311948204825627,0.04355503237198245,0.04286835393368543,0.0
autocorr_bern40-05,40,-936.0,-860.0,-860.0,-856.0,-872.0,0.08119658119649445,0.08119658119649445,0.08547008546999416,0.06837606837599533
autocorr_bern40-10,40,-8192.0,-7960.0,-7896.0,-7928.0,-8200.0,0.02832031249999654,0.03613281249999559,0.032226562499996066,0.0009765624999998807
autocorr_bern40-20,40,-50468.0,-49524.0,-49964.0,-49744.0,-50268.0,0.01870492193072801,0.009986526115558177,0.014345724023143094,0.003962907188713562
autocorr_bern40-30,40,-94552.0,-93864.0,-93336.0,-94248.0,-94352.0,0.007276419324815897,0.012860648108976934,0.0032151620272442335,0.0021152381758185747
autocorr_bern40-40,40,-67768.0,-65420.0,-64728.0,-65072.0,-66772.0,0.034647621296186475,0.04485893046865711,0.03978278833667749,0.014697202219336342
autocorr_bern45-05,45,-1068.0,-960.0,-956.0,-976.0,-1016.0,0.1011235955055233,0.10486891385757971,0.08614232209729762,0.04868913857673344
autocorr_bern45-11,45,-12644.0,-12244.0,-12260.0,-12368.0,-12616.0,0.031635558367602686,0.03037013603289858,0.021828535273645852,0.002214489085732188
autocorr_bern45-23,45,-85248.0,-84040.0,-84088.0,-84232.0,-85028.0,0.014170420420420254,0.013607357357357196,0.011918168168168028,0.0025807057057056753
autocorr_bern45-34,45,-152368.0,-150744.0,-150512.0,-150408.0,-151832.0,0.010658405964506915,0.012181035388007902,0.01286359340543938,0.003517799012916075
autocorr_bern45-45,45,-112868.0,-107648.0,-107340.0,-107388.0,-109892.0,0.046248715313463105,0.04897756671510039,0.04855229117198809,0.026367083672962872
autocorr_bern50-06,50,-2160.0,-2080.0,-1976.0,-2000.0,-2120.0,0.03703703703701989,0.08518518518514574,0.07407407407403978,0.018518518518509944
autocorr_bern50-13,50,-23440.0,-23000.0,-22724.0,-22720.0,-23268.0,0.018771331058019678,0.030546075085322928,0.030716723549486742,0.007337883959044055
autocorr_bern50-25,50,-124604.0,-122768.0,-122692.0,-123124.0,-123832.0,0.014734679464543555,0.015344611729960392,0.011877628326538377,0.0061956277487078566
autocorr_bern50-38,50,-232808.0,-230232.0,-230032.0,-231064.0,-231704.0,0.011064911858698966,0.01192398886636193,0.00749115150682104,0.004742105082299557
autocorr_bern50-50,50,-168224.0,-160592.0,-160304.0,-160792.0,-165968.0,0.04536808065436534,0.047080083697926295,0.04417918965189246,0.013410690507894157
autocorr_bern55-06,55,-2400.0,-2224.0,-2232.0,-2264.0,-2312.0,0.07333333333330277,0.06999999999997084,0.05666666666664306,0.03666666666665139
autocorr_bern55-14,55,-33128.0,-31928.0,-31904.0,-32024.0,-32576.0,0.03622313450857172,0.03694759719874315,0.03332528374788598,0.01666264187394299
autocorr_bern55-28,55,-190200.0,-188348.0,-187492.0,-187868.0,-189524.0,0.009737118822292274,0.014237644584647664,0.012260778128285951,0.0035541535226077626
autocorr_bern55-41,55,-336592.0,-334176.0,-333256.0,-333156.0,-336188.0,0.007177829538432265,0.009911108998431306,0.010208204591909463,0.001200266197651753
autocorr_bern55-55,55,-241844.0,-229624.0,-229328.0,-229572.0,-240308.0,0.05052843982071067,0.051752369295909546,0.0507434544582456,0.006351201601032044
autocorr_bern60-08,60,-6752.0,-6456.0,-6404.0,-6412.0,-6712.0,0.04383886255923521,0.05154028436018194,0.050355450236959365,0.005924170616112866
autocorr_bern60-15,60,-44684.0,-43748.0,-43560.0,-43396.0,-44520.0,0.020947095157102746,0.02515441768865757,0.02882463521618412,0.0036702175275265497
autocorr_bern60-30,60,-259584.0,-258024.0,-257200.0,-256960.0,-260296.0,0.0060096153846153615,0.00918392504930963,0.010108481262327378,0.002742850098619319
autocorr_bern60-45,60,-478672.0,-474612.0,-473152.0,-473108.0,-477704.0,0.008481799645686381,0.011531904936992321,0.011623825918374145,0.002022261590400103
autocorr_bern60-60,60,-350696.0,-333436.0,-333000.0,-334804.0,-345980.0,0.04921641535689016,0.05045965736706421,0.04531560097634406,0.013447544311882617
ball_mk2_10,10,-10.0,-10.0,-10.0,-10.0,-10.0,0.0,0.0,0.0,0.0
ball_mk2_30,30,-30.0,-30.0,-30.0,-30.0,-30.0,0.0,0.0,0.0,0.0
ball_mk3_10,10,-20.0,-20.0,-20.0,-20.0,-20.0,0.0,0.0,0.0,0.0
ball_mk3_20,20,-40.0,-40.0,-40.0,-40.0,-40.0,0.0,0.0,0.0,0.0
ball_mk3_30,30,-60.0,-60.0,-60.0,-60.0,-60.0,0.0,0.0,0.0,0.0
ball_mk4_05,10,-5500.0,-5500.0,-5500.0,-5500.0,-5493.0,0.0,0.0,0.0,0.0012727272727270412
ball_mk4_10,20,-21000.0,-21000.0,-21000.0,-21000.0,-20915.0,0.0,0.0,0.0,0.004047619047618855
ball_mk4_15,30,-46500.0,-46500.0,-46500.0,-46500.0,-46314.0,0.0,0.0,0.0,0.003999999999999914
blend029,72,-38.55,-38.549999,-38.549995,-38.549999,-38.488338,2.5940337158217963e-08,1.29701685975407e-07,2.5940337158217963e-08,0.0015995330738884255
blend146,171,-73.98,-73.980003,-73.954521,-73.980003,-73.89627800000001,4.055150030258416e-08,0.00034440389293944094,4.055150030258416e-08,0.0011316842389681378
blend480,248,-117.28,-117.279999,-117.25581399999999,-117.16999799999999,-117.23948700000001,8.52660297976395e-09,0.00020622442018936092,0.0009379433833481467,0.0003454382673912397
blend531,208,-86.0,-86.0,-85.97919499999999,-85.819763,-85.971138,0.0,0.00024191860464846553,0.002095779069743134,0.00033560465115893155
blend718,174,-65.55,-65.550003,-65.550003,-65.550003,-65.51886,4.5766590489562416e-08,4.5766590489562416e-08,4.5766590489562416e-08,0.00047505720823063995
blend721,174,-72.36,-72.360001,-72.360001,-72.360001,-72.336823,1.3819789904110322e-08,1.3819789904110322e-08,1.3819789904110322e-08,0.00032030127141630316
blend852,236,-105.76,-105.41498600000001,-61.087421,-105.760002,-105.682571,0.003262235249590863,0.4223957923560666,1.891074125313516e-08,0.0007321198940930141
blendgap,99,-47300.0,-47299.96875,-46943.753906,-47299.929688,-47299.5,6.606765327695421e-07,0.007531629894291636,1.4865116279802797e-06,1.0570824524312674e-05
cardqp_inlp,50,0.0,0.0,0.0,0.0,0.0,0.0,0.0,0.0,0.0
cardqp_iqp,50,0.0,0.0,0.0,0.0,0.0,0.0,0.0,0.0,0.0
chimera_mgw-c8-439-onc8-001,440,-405.0,-77.0,-357.0,-75.0,-369.0,0.8098765432078768,0.11851851851822588,0.8148148148128029,0.08888888888866942
chimera_mgw-c8-439-onc8-002,440,-397.0,-67.0,-338.0,-74.0,-333.0,0.8312342569248584,0.14861460957141406,0.8136020151113008,0.1612090680096695
color_lab2_4x0,300,-300.0005,-121.935822,-300.00054900000003,-164.868057,-300.00054900000003,0.5935479374181258,1.6333306126707728e-07,0.450440725930622,1.6333306126707728e-07
color_lab3_3x0,237,0.0,0.0,0.0,8.8835,0.0,0.0,0.0,8883500000.0,0.0
color_lab3_4x0,316,0.0,0.0,0.0,33.325001,0.0,0.0,0.0,33325001000.0,0.0
color_lab6b_4x20,235,0.0,0.0,0.0,4593.26416,15.075,0.0,0.0,4593264159999.999,15074999999.999998
crossdock_15x7,210,0.0,0.0,0.0,909.0,0.0,0.0,0.0,909000000000.0,0.0
crossdock_15x8,240,0.0,0.0,0.0,0.0,0.0,0.0,0.0,0.0,0.0
cvxnonsep_normcon20,20,-41.35,-41.349998,-41.349998,-41.349998,-41.346396999999996,4.8367593760762886e-08,4.8367593760762886e-08,4.8367593760762886e-08,8.713422007057359e-05
cvxnonsep_normcon20r,20,-41.35,-41.349998,-41.349998,-41.349998,-41.346396999999996,4.8367593760762886e-08,4.8367593760762886e-08,4.8367593760762886e-08,8.713422007057359e-05
cvxnonsep_normcon30,30,-82.3,-82.300003,-82.300003,-82.300003,-82.299995,3.645200494046332e-08,3.645200494046332e-08,3.645200494046332e-08,6.07533414523246e-08
cvxnonsep_normcon30r,30,-82.3,-82.300003,-82.300003,-82.300003,-82.299995,3.645200494046332e-08,3.645200494046332e-08,3.645200494046332e-08,6.07533414523246e-08
cvxnonsep_normcon40,40,-89.4,-89.400002,-89.400002,-89.382919,-89.387573,2.2371364596511342e-08,2.2371364596511342e-08,0.00019106263981894295,0.00013900447427140272
cvxnonsep_normcon40r,40,-89.4,-89.400002,-89.400002,-89.382919,-89.387573,2.2371364596511342e-08,2.2371364596511342e-08,0.00019106263981894295,0.00013900447427140272
cvxnonsep_nsig20,20,10.8801,10.880099000000001,10.880099000000001,10.880099000000001,10.899269,9.191091985916384e-08,9.191091985916384e-08,9.191091985916384e-08,0.0017618404240988528
cvxnonsep_nsig20r,20,10.8801,10.880099000000001,10.880099000000001,10.880099000000001,10.899269,9.191091985916384e-08,9.191091985916384e-08,9.191091985916384e-08,0.0017618404240988528
cvxnonsep_nsig30,30,16.8602,16.860159,16.860159,16.860159,16.923384,2.431762375124962e-06,2.431762375124962e-06,2.431762375124962e-06,0.0037475237539443284
cvxnonsep_nsig30r,30,16.8602,16.860159,16.860159,16.860159,16.923384,2.431762375124962e-06,2.431762375124962e-06,2.431762375124962e-06,0.0037475237539443284
cvxnonsep_nsig40,40,17.9902,17.990179,17.990179,17.990179,18.070099,1.1673021978134484e-06,1.1673021978134484e-06,1.1673021978134484e-06,0.0044412513477091
cvxnonsep_nsig40r,40,17.9902,17.990179,17.990179,17.990179,18.070099,1.1673021978134484e-06,1.1673021978134484e-06,1.1673021978134484e-06,0.0044412513477091
cvxnonsep_pcon20,20,-49.75,-49.75,-49.75,-49.75,-49.743697999999995,0.0,0.0,0.0,0.00012667336683172792
cvxnonsep_pcon20r,20,-49.75,-49.75,-49.75,-49.75,-49.743697999999995,0.0,0.0,0.0,0.00012667336683172792
cvxnonsep_pcon30,30,-77.5,-77.5,-77.5,-77.5,-77.492073,0.0,0.0,0.0,0.00010228387096635933
cvxnonsep_pcon30r,30,-77.5,-77.5,-77.5,-77.5,-77.492073,0.0,0.0,0.0,0.00010228387096635933
cvxnonsep_pcon40,40,-100.85,-100.849998,-100.849998,-100.839752,-100.837677,1.9831432770755122e-08,1.9831432770755122e-08,0.0001016162617738069,0.00012219137332546143
cvxnonsep_pcon40r,40,-100.85,-100.849998,-100.849998,-100.839752,-100.837677,1.9831432770755122e-08,1.9831432770755122e-08,0.0001016162617738069,0.00012219137332546143
cvxnonsep_psig20,20,93.8114,104.83624300000001,109.43713400000001,106.11588300000001,93.83329,0.11752135667821269,0.16656540676115528,0.13116191635418342,0.00023334051085226033
cvxnonsep_psig20r,21,20.0002,20.0002,20.0002,20.200001,164.708405,0.0,0.0,0.009989950099999543,7.235337896259271
cvxnonsep_psig30,30,78.9992,112.34697,125.149147,99.370926,81.77754200000001,0.4221279455941056,0.5841824600681502,0.2578725607315279,0.03516924221972931
cvxnonsep_psig30r,31,30.0,30.000003999999997,30.000003999999997,30.299999,537.592712,1.3333333322910217e-07,1.3333333322910217e-07,0.009999966666333324,16.919757066102676
cvxnonsep_psig40,40,85.4958,173.95881699999998,163.269028,115.236107,87.282951,1.0347059972415635,0.9096730833455013,0.3478569356582679,0.020903377709537672
cvxnonsep_psig40r,41,40.0,40.000038,40.000038,40.400002,246.88848900000002,9.500000000646302e-07,9.500000000646302e-07,0.010000049999750016,5.172212224870695
deb10,33,0.0,0.0,0.0,0.0,0.0,0.0,0.0,0.0,0.0
deb6,40,0.0,0.0,0.0,0.0,0.0025,0.0,0.0,0.0,2500000.0
deb7,30,0.0,0.0,0.0,0.0,0.0021,0.0,0.0,0.0,2099999.9999999995
deb8,40,0.0,0.0,0.0,0.0,0.0005,0.0,0.0,0.0,500000.0
deb9,30,0.0,0.0,0.0,0.0,0.0021,0.0,0.0,0.0,2099999.9999999995
du-opt,20,2.7748,69.817123,89.175453,10.685839999999999,19.674829000000003,24.161137010176898,31.13761459163269,2.851030703888197,6.090539496147277
du-opt5,19,3.7719,236.756516,213.273544,63.782887,27.970878999999996,61.76850286015841,55.54273547667151,15.910015372647733,6.41559399601909
edgecross10-010,29,1.0,3.0,2.0,5.0,1.0,1.9999999979999998,0.9999999989999999,3.9999999959999997,0.0
edgecross10-020,66,11.0,58.0,55.0,56.0,13.0,4.272727272338843,3.9999999996363638,4.09090909053719,0.18181818180165288
edgecross10-030,88,52.0,148.0,134.0,150.0,70.0,1.8461538461183433,1.5769230768927516,1.8846153845791422,0.34615384614718936
edgecross10-040,90,142.0,278.0,233.0,284.0,142.0,0.9577464788664948,0.6408450704180223,0.9999999999929579,0.0
edgecross10-050,90,276.0,427.0,455.0,445.0,276.0,0.5471014492733801,0.6485507246353314,0.6123188405774916,0.0
edgecross10-060,90,459.0,666.9523320000001,680.762878,656.309692,462.181946,0.45305518954149676,0.4831435250534136,0.4298686100208501,0.006932344226564379
edgecross10-070,90,717.0,924.0,946.0,938.0,731.0,0.28870292886989024,0.3193863319381878,0.3082287308224432,0.019525801952552962
edgecross10-080,88,1037.0,1222.0,1193.821045,1214.366211,1046.020508,0.17839922854370455,0.15122569431036517,0.171037811957405,0.008698657666336899
edgecross10-090,77,1387.0,1575.0,1589.0,1584.0,1387.0,0.1355443403027141,0.14563806777206514,0.14203316510443978,0.0
edgecross14-019,97,4.0,39.0,24.0,39.0,13.0,8.7499999978125,4.99999999875,8.7499999978125,2.2499999994375
edgecross14-039,157,109.0,295.138031,129.90004,295.558899,126.486893,1.7076883577824984,0.1917434862367729,1.7115495320943894,0.1604302110077024
edgecross14-058,157,353.0,643.0,383.0,648.0,365.0,0.8215297450401656,0.08498583569381024,0.8356940509891341,0.033994334277524095
edgecross14-078,182,725.0,1216.561646,776.087341,1211.38562,751.128479,0.6780160634473408,0.07046529793093734,0.670876717240454,0.036039281379260595
edgecross14-098,182,1360.0,1927.0,1370.0,1951.0,1374.0,0.4169117647055758,0.007352941176465182,0.43455882352909225,0.010294117647051255
edgecross14-117,182,1973.0,2798.0,1979.0,2759.0,1973.0,0.41814495691818643,0.003041054232132265,0.39837810440932675,0.0
edgecross14-137,182,2874.0,3913.0,2874.0,3901.0,2874.0,0.3615170494083641,0.0,0.35734168406389794,0.0
edgecross14-156,181,4310.0,5113.540527,4459.90918,5109.406738000001,4325.376953,0.1864363171693303,0.0347817122969756,0.18547720139206844,0.0035677385150803685
edgecross14-176,173,5875.0,6556.0,5892.0,6534.0,5879.0,0.11591489361700154,0.002893617021276103,0.11217021276593835,0.0006808510638296713
edgecross20-040,306,57.0,302.0,82.0,294.0,85.0,4.29824561395968,0.43859649122037553,4.15789473676916,0.4912280701668206
edgecross20-080,380,520.0,1325.0,692.0,1343.0,528.0,1.548076923073946,0.33076923076859466,1.582692307689264,0.0153846153845858
edgecross22-048,381,84.0,455.0,128.0,446.0,192.0,4.416666666614087,0.5238095238032879,4.3095238094725055,1.2857142856989796
edgecross22-096,441,935.0,1923.0,940.0,1962.0,933.0,1.0566844919774796,0.005347593582881981,1.0983957219239588,0.0021390374331527926
edgecross24-057,420,198.0,658.0,225.0,671.0,245.0,2.32323232322059,0.13636363636294765,2.388888888876824,0.23737373737253853
ex1221,5,-0.5,-0.5,-0.5,-0.5,-0.49726099999999995,0.0,0.0,0.0,0.005477999989044094
ex1222,2,0.1,0.1,0.1,0.1,0.100003,0.0,0.0,0.0,2.9999999699891227e-05
ex1223a,7,0.3069,0.30685300000000004,0.30685300000000004,0.30685300000000004,0.306958,0.00015314434619361156,0.00015314434619361156,0.00015314434619361156,0.00018898663998375968
ex1223b,7,0.3069,0.30685300000000004,0.30685300000000004,0.30685300000000004,0.30704000000000004,0.00015314434619361156,0.00015314434619361156,0.00015314434619361156,0.00045617464823673615
ex1233,40,0.0,0.0,0.0,1387.581177,19679.462891,0.0,0.0,1387581177000.0,19679462890999.996
ex1243,52,0.0,0.0,0.0,1108.760742,19565.410156,0.0,0.0,1108760741999.9998,19565410156000.0
ex1244,75,0.0,0.0,0.0,114733.96875,131426.59375,0.0,0.0,114733968750000.0,131426593749999.98
ex1252a,12,0.0,0.0,0.0,0.0,0.0,0.0,0.0,0.0,0.0
ex1263,8,0.0,0.0,0.0,0.0,0.00041799999999999997,0.0,0.0,0.0,417999.99999999994
ex1263a,8,0.0,0.0,0.0,0.0,0.0,0.0,0.0,0.0,0.0
ex1264,8,0.0,0.0,0.0,0.0,0.0009400000000000001,0.0,0.0,0.0,940000.0
ex1264a,8,0.0,0.0,0.0,0.0,0.0,0.0,0.0,0.0,0.0
ex1265,10,0.0,0.0,0.0,0.0,0.002577,0.0,0.0,0.0,2576999.9999999995
ex1265a,10,0.0,0.0,0.0,0.0,0.0,0.0,0.0,0.0,0.0
ex1266,11,0.0,0.0,0.0,0.0,0.0022649999999999997,0.0,0.0,0.0,2264999.9999999995
ex1266a,11,0.0,0.0,0.0,0.0,0.0,0.0,0.0,0.0,0.0
ex3pb,22,-20613.0,-20613.0,-20613.0,-20612.998047,-20612.998047,0.0,0.0,9.474603400999823e-08,9.474603400999823e-08
ex4,36,-21.3,-21.299999,-21.299999,-21.299999,-21.299997,4.694835685356845e-08,4.694835685356845e-08,4.694835685356845e-08,1.4084507039391127e-07
fac1,18,0.0,0.0,0.0,109359632.0,2599077120.0,0.0,0.0,1.09359632e+17,2.59907712e+18
fac2,57,0.0,0.0,0.0,825352060928.0,48316510208.0,0.0,0.0,8.25352060928e+20,4.8316510208e+19
fac3,57,0.0,0.0,0.0,11757002752.0,5137426432.0,0.0,0.0,1.1757002752e+19,5.137426432e+18
faclay20h,190,15549.0,22909.0,16433.0,22529.0,17562.0,0.47334233712775914,0.056852530709366716,0.4489034664608368,0.1294617017171439
faclay25,300,4727.0,6403.0,4892.0,6399.0,4896.0,0.35455891686051305,0.03490585995345147,0.35371271419497485,0.03575206261898968
faclay30,435,8455.0,11305.0,9270.0,11328.0,9145.0,0.3370786516853534,0.0963926670608993,0.3397989355410597,0.08160851567119082
faclay30h,435,45611.0,64113.0,64537.0,64173.0,47497.0,0.40564776040866446,0.41494376356579743,0.4069632325535418,0.04134967442064324
gabriel01,142,-66.55,-66.550003,-66.550003,-66.550003,-66.504288,4.507888815314055e-08,4.507888815314055e-08,4.507888815314055e-08,0.0006868820435658567
gabriel02,140,-66.44,-66.440002,-66.440002,-66.440002,-66.373749,3.0102348120578534e-08,3.0102348120578534e-08,3.0102348120578534e-08,0.0009971553281004953
gabriel04,202,-107.12,-107.05158999999999,-52.759997999999996,-107.120003,-107.09593999999998,0.0006386295743033575,0.5074682785613568,2.800597453694662e-08,0.00022460791635357864
gabriel05,496,-166.1,-166.100006,-166.060242,-153.486298,-166.015717,3.612281765946444e-08,0.00023936183022135353,0.07594040939147531,0.0005074232390095834
gasprod_sarawak01,37,-83347.6505,-83347.648438,-83347.648438,-83347.648438,-83347.640625,2.4739749557412813e-08,2.4739749557412813e-08,2.4739749557412813e-08,1.1847964452670354e-07
gasprod_sarawak16,157,-83347.6505,-67866.632812,-83340.828125,-62715.015625,-83052.085938,0.1857403009578515,8.185443691665062e-05,0.24754908808137013,0.0035461654914915207
gbd,4,0.2,0.2,0.2,0.2,0.200624,0.0,0.0,0.0,0.0031199999843999284
gear,4,0.0,0.000389,2e-06,3e-06,2e-06,389000.0,1999.9999999999998,3000.0,1999.9999999999998
genpooling_lee1,41,-31568.4,-31568.400391000003,-31568.400391000003,-31568.398438,3932.445557,1.2385803569399497e-08,1.2385803569399497e-08,4.947985964717484e-08,1.1245690487005637
genpooling_lee2,41,-31568.4,-31568.400391000003,-31568.400391000003,-31568.398438,3932.445557,1.2385803569399497e-08,1.2385803569399497e-08,4.947985964717484e-08,1.1245690487005637
genpooling_meyer04,106,0.0,0.0,0.0,0.0,31932.115233999997,0.0,0.0,0.0,31932115233999.996
genpooling_meyer10,364,0.0,0.0,0.0,3023.05249,4786116.0,0.0,0.0,3023052490000.0,4786116000000000.0
ghg_1veh,22,0.0,0.0,0.0,0.0,0.0,0.0,0.0,0.0,0.0
gkocis,8,-11.0,-11.0,-10.999999,-11.0,1481.772583,0.0,9.090909083279004e-08,0.0,135.70659844220847
graphpart_2g-0044-1601,48,-1739898.0,-958049.0,-1301630.0,-1224370.0,-1739898.0,0.44936484782441244,0.2518929270566434,0.29629782895319134,0.0
graphpart_2g-0055-0062,75,-3205074.0,-1990353.0,-2126793.0,-1395876.0,-3197846.0,0.3789993616372039,0.33642936169336485,0.5644793224743015,0.002255174139505047
graphpart_2g-0066-0066,108,-6782949.0,-3925596.0,-3042659.0,-3336715.0,-6698589.0,0.4212552681731795,0.5514253461142048,0.5080731109728231,0.012437068301707706
graphpart_2g-0077-0077,147,-7360455.0,-2151928.0,-6691827.0,-2806380.0,-6981945.0,0.7076365523598744,0.09084057982828506,0.6187219404235199,0.05142481001514172
graphpart_2g-0088-0088,192,-15196905.0,-7169229.0,-15189437.0,-7457949.0,-15189437.0,0.5282441391849195,0.0004914158507933029,0.5092455338767992,0.0004914158507933029
graphpart_2g-0099-9211,243,-11092365.0,-3833377.0,-10634427.0,-3148619.0,-10721984.0,0.654413012914739,0.0412840724227881,0.7161453846857725,0.03339062499295686
graphpart_2g-1010-0824,300,-16012389.0,-4026117.0,-15584139.0,-4433060.0,-15658256.0,0.7485623787930707,0.026744916077169993,0.723148119871432,0.022116187659442944
graphpart_2pm-0044-0044,48,-24.0,-11.0,-14.0,-12.0,-24.0,0.5416666666440972,0.4166666666493056,0.49999999997916666,0.0
graphpart_2pm-0055-0055,75,-42.0,-27.0,-22.0,-18.0,-42.0,0.3571428571343538,0.47619047617913834,0.5714285714149661,0.0
graphpart_2pm-0066-0066,108,-69.0,-38.0,-66.0,-27.0,-69.0,0.44927536231232934,0.043478260868935095,0.6086956521650914,0.0
graphpart_2pm-0077-0777,147,-81.0,-29.0,-80.0,-37.0,-81.0,0.6419753086340496,0.012345679012193262,0.5432098765365035,0.0
graphpart_2pm-0088-0888,192,-123.0,-42.0,-121.0,-50.0,-121.0,0.6585365853604996,0.016260162601493818,0.5934959349545244,0.016260162601493818
graphpart_2pm-0099-0999,243,-141.0,-41.0,-141.0,-54.0,-141.0,0.7092198581509985,0.0,0.6170212765913687,0.0
graphpart_3g-0234-0234,72,-4418466.0,-2200395.0,-1686011.0,-1897836.0,-4418466.0,0.5020002417128477,0.6184171158044443,0.5704762693658839,0.0
graphpart_3g-0244-0244,96,-5480655.0,-2478751.0,-2404157.0,-2462229.0,-5304457.0,0.5477272333325122,0.5613376503355894,0.5507418365140662,0.0321490770719923
graphpart_3g-0333-0333,81,-4097814.0,-2361525.0,-1710969.0,-2223560.0,-4097814.0,0.42371103227232854,0.5824678718946247,0.45737898303827346,0.0
graphpart_3g-0334-0334,108,-7194828.0,-2754005.0,-3161206.0,-2971950.0,-7194828.0,0.6172243450434116,0.5606279955545844,0.5869324464740504,0.0
graphpart_3g-0344-0344,144,-13270176.0,-6453460.0,-13024652.0,-6147561.0,-13024652.0,0.5136869322607326,0.01850193998934151,0.5367385481549001,0.01850193998934151
graphpart_3g-0444-0444,192,-17966904.0,-9501925.0,-17966904.0,-7778359.0,-17966904.0,0.4711428858305248,0.0,0.5670729358825538,0.0
graphpart_3pm-0234-0234,72,-45.0,-27.0,-32.0,-20.0,-45.0,0.39999999999111113,0.28888888888246916,0.5555555555432099,0.0
graphpart_3pm-0244-0244,96,-57.0,-29.0,-55.0,-27.0,-54.0,0.4912280701668206,0.03508771929763004,0.5263157894644507,0.052631578946445066
graphpart_3pm-0333-0333,81,-54.0,-21.0,-23.0,-32.0,-54.0,0.6111111110997943,0.5740740740634431,0.40740740739986286,0.0
graphpart_3pm-0334-0334,108,-75.0,-36.0,-75.0,-29.0,-73.0,0.5199999999930667,0.0,0.6133333333251555,0.02666666666631111
graphpart_3pm-0344-0344,144,-96.0,-41.0,-95.0,-40.0,-94.0,0.5729166666606987,0.01041666666655816,0.5833333333272569,0.02083333333311632
graphpart_3pm-0444-0444,192,-132.0,-42.0,-128.0,-49.0,-125.0,0.6818181818130166,0.030303030302800738,0.6287878787831153,0.05303030302990129
graphpart_clique-20,60,0.0,0.0,0.0,0.0,0.0,0.0,0.0,0.0,0.0
graphpart_clique-30,90,0.0,0.0,0.0,0.0,0.0,0.0,0.0,0.0,0.0
graphpart_clique-40,120,0.0,0.0,0.0,0.0,0.0,0.0,0.0,0.0,0.0
graphpart_clique-50,150,0.0,0.0,0.0,0.0,0.0,0.0,0.0,0.0,0.0
graphpart_clique-60,180,0.0,0.0,0.0,0.0,1.0,0.0,0.0,0.0,999999999.9999999
graphpart_clique-70,210,0.0,0.0,0.0,289.0,1.0,0.0,0.0,289000000000.0,999999999.9999999
hadamard_4,16,-3.0,-3.0,-3.0,-3.0,-3.0,0.0,0.0,0.0,0.0
hadamard_5,25,-5.0,-3.0,-5.0,-3.0,-5.0,0.39999999992,0.0,0.39999999992,0.0
hadamard_6,36,-9.0,-8.0,-9.0,-5.0,-9.0,0.11111111109876542,0.0,0.4444444443950617,0.0
hadamard_7,49,-32.0,-5.0,-24.0,-6.0,-24.0,0.8437499999736329,0.24999999999218753,0.8124999999746094,0.24999999999218753
hadamard_8,64,-56.0,-9.0,-40.0,-7.0,-48.0,0.8392857142707271,0.28571428570918367,0.874999999984375,0.14285714285459183
hda,40,-172201.82,-172201.8125,-172201.8125,-172201.8125,-169871.375,4.355354668716554e-08,4.355354668716554e-08,4.355354668716554e-08,0.013533219335312445
heatexch_gen1,32,0.0,0.0,0.0,0.0,5.915051,0.0,0.0,0.0,5915051000.0
heatexch_gen2,43,1590.0125,1590.012451,1590.012451,8278.454102,41515.144531,3.0817367781663926e-08,3.0817367781663926e-08,4.20653397504472,25.10994852617504
heatexch_gen3,155,783.0181,783.018066,783.018066,40261.097656,93549.992188,4.342172936717768e-08,4.342172936717768e-08,50.417837794489785,118.47360116947684
heatexch_spec1,44,0.0024,0.0024,0.0024,185.99903899999998,19020382.0,0.0,0.0,77498.56729226363,7925155863.518392
heatexch_spec2,58,6.33,6.329954,6.329954,66622.0625,204521.15625,7.266982621318413e-06,7.266982621318413e-06,10523.812399601293,32308.81930769213
heatexch_spec3,230,3.0302,3.030207,3.030207,35902.691406,512423.0625,2.3100785419378883e-06,2.3100785419378883e-06,11847.29100196446,169104.36015144072
hmittelman,15,0.0,0.0,0.0,0.0,0.0,0.0,0.0,0.0,0.0
hydroenergy1,96,-25513.2,-25513.199219,-25513.199219,-25513.199219,-25513.107422,3.061160506960791e-08,3.061160506960791e-08,3.061160506960791e-08,3.6286314535131676e-06
hydroenergy2,192,-40272.6,-40122.601562,-18117.394531,-40122.601562,12734.676758,0.003724577951261934,0.5501309940008703,0.003724577951261934,1.3162119346155623
hydroenergy3,336,-67395.6,-67395.601562,-67387.921875,-67395.601562,201220.046875,2.3176587052744745e-08,0.00011392620586515597,2.3176587052744745e-08,3.9856555453916274
ising2_5-300_5555,300,-8671450.0,-2437892.0,-7963602.0,-2622537.0,-8031230.0,0.7188599369194308,0.08162971590679757,0.6975664969526433,0.07383078954500111
jit1,25,-71999737962.9583,-71999979520.0,-71999979520.0,-71999979520.0,-71999922176.0,3.354971122624701e-06,3.354971122624701e-06,3.354971122624701e-06,2.5585237795871227e-06
lip,60,-320277.3522,-320272.96875,-320277.1875,-320277.1875,307622.5625,1.3686418880113964e-05,5.142417935319847e-07,5.142417935319847e-07,1.960488028225925
ndcc12,46,0.0,0.0,0.0,0.0,0.0,0.0,0.0,0.0,0.0
ndcc12persp,46,0.0,0.0,0.0,0.0,0.0,0.0,0.0,0.0,0.0
ndcc13,42,0.0,0.0,0.0,0.0,0.0,0.0,0.0,0.0,0.0
ndcc13persp,42,0.0,0.0,0.0,0.0,0.0,0.0,0.0,0.0,0.0
ndcc14,54,0.0,0.0,0.0,0.0,0.0,0.0,0.0,0.0,0.0
ndcc14persp,54,0.0,0.0,0.0,0.0,0.0,0.0,0.0,0.0,0.0
ndcc15,40,0.0,0.0,0.0,0.0,0.0,0.0,0.0,0.0,0.0
ndcc15persp,40,0.0,0.0,0.0,0.0,0.0,0.0,0.0,0.0,0.0
ndcc16,60,0.0,0.0,0.0,0.0,0.0,0.0,0.0,0.0,0.0
ndcc16persp,60,0.0,0.0,0.0,0.0,0.0,0.0,0.0,0.0,0.0
nous1,12,-1.7172,-1.704491,-0.602312,-1.704491,-0.21516500000000002,0.007401001626251502,0.6492476120141815,0.007401001626251502,0.8747000926655601
nous2,12,-1.7172,-1.21249,-0.869351,-1.704491,-0.21516500000000002,0.2939145118251138,0.49373922636050593,0.007401001626251502,0.8747000926655601
nvs01,2,0.0,0.0,0.0,0.0,0.0,0.0,0.0,0.0,0.0
nvs02,3,5.9208,5.920786,5.920786,5.920786,5.920786,2.36454533134306e-06,2.36454533134306e-06,2.36454533134306e-06,2.36454533134306e-06
nvs03,2,0.0,0.0,0.0,0.0,0.0,0.0,0.0,0.0,0.0
nvs04,2,0.72,2.12,2.12,10282.121094,50.319908,1.9444444417438276,1.9444444417438276,14279.72372183372,68.88876101543228
nvs05,4,0.674,0.674022,0.674022,7.814997,1.430717,3.264094950641772e-05,3.264094950641772e-05,10.594951022856154,1.122725517622069
nvs06,2,1.7703,2.434568,2.25679,9.312502,2.252,0.37522905700998194,0.2748065298114407,4.260408967824431,0.27210077372643
nvs07,3,0.0,0.0,0.0,0.0,0.0,0.0,0.0,0.0,0.0
nvs08,3,16.008,16.008001,16.008001,16.008001,18.223372,6.246876567750422e-08,6.246876567750422e-08,6.246876567750422e-08,0.13839155421424354
nvs09,10,-43.1343,-43.134338,-43.134338,-43.134338,-43.134338,8.809694372123533e-07,8.809694372123533e-07,8.809694372123533e-07,8.809694372123533e-07
nvs10,2,-310.8,-310.799988,-310.799988,-310.799988,-308.399994,3.861003869532729e-08,3.861003869532729e-08,3.861003869532729e-08,0.007722027027002243
nvs11,3,-431.0,-431.0,-431.0,-431.0,-411.600006,0.0,0.0,0.0,0.045011587006856105
nvs12,4,-481.2,-480.200012,-25.6,-481.200012,-481.200012,0.0020781130507021932,0.9467996674959542,2.4937655915464243e-08,2.4937655915464243e-08
nvs13,5,-588.4,-588.400024,-588.400024,-588.400024,-573.0,4.078857928798755e-08,4.078857928798755e-08,4.078857928798755e-08,0.02617267165189294
nvs14,3,-40792.141,-40792.140625,-40792.140625,-40792.140625,-40792.140625,9.192947319426548e-09,9.192947319426548e-09,9.192947319426548e-09,9.192947319426548e-09
nvs15,3,0.0,-0.0,-0.0,-0.0,1.0,0.0,0.0,0.0,999999999.9999999
nvs16,2,0.7031,14.203125,14.203125,14.203125,14.203125,19.200718220451265,19.200718220451265,19.200718220451265,19.200718220451265
nvs17,7,-1104.0,-1104.0,-1090.0,-1104.0,-1099.0,0.0,0.012681159420278369,0.0,0.004528985507242274
nvs18,6,-782.0,-782.0,-782.0,-782.0,-780.200012,0.0,0.0,0.0,0.002301774936058418
nvs19,8,-1101.6,-1025.199951,-1076.0,-1100.400024,-1093.800049,0.06935371187357527,0.023238925199688336,0.00108930283224291,0.007080565541024768
nvs20,16,46.0,46.0,46.0,299137952.0,147947.40625,0.0,0.0,6502997.95638037,3215.2479618866255
nvs21,3,-25728000.0,-25728002.0,-25728002.0,-25728002.0,-23666028.0,7.77363184079602e-08,7.77363184079602e-08,7.77363184079602e-08,0.08014505597014926
nvs22,4,1.8264,1.8263599999999998,1.8263599999999998,18.397011,5.14049,2.1901007434494656e-05,2.1901007434494656e-05,9.072826867568535,1.8145477432027222
nvs23,9,-1128.8,-282.199982,-21.4,-1127.599976,-1127.199951,0.750000015945473,0.9810418143152188,0.0010630970942584353,0.0014174778525854728
nvs24,10,-1034.0,-0.00015,-786.200012,-1022.2000119999999,886.599976,0.9999998549313346,0.2396518259185303,0.01141198065762929,1.85744678529801
oaer,9,-11000.0,-11000.0,-11000.0,-11000.0,-7409.217285,0.0,0.0,0.0,0.3264347922726976
pedigree_ex485,426,-165748.01,-165748.015625,-165748.015625,-165748.015625,-165748.015625,3.3937058976978006e-08,3.3937058976978006e-08,3.3937058976978006e-08,3.3937058976978006e-08
pedigree_ex485_2,426,-165748.01,-165748.015625,-165748.015625,-165748.015625,-165748.015625,3.3937058976978006e-08,3.3937058976978006e-08,3.3937058976978006e-08,3.3937058976978006e-08
pedigree_sim400,150,-6474.57,-6474.569824,-6474.569824,-6474.569824,-6474.569824,2.718327233401068e-08,2.718327233401068e-08,2.718327233401068e-08,2.718327233401068e-08
pedigree_sp_top4_300,473,-162326.56,-162326.5625,-162326.5625,-162326.5625,-162326.5625,1.5401053298537782e-08,1.5401053298537782e-08,1.5401053298537782e-08,1.5401053298537782e-08
pedigree_sp_top4_350tr,262,-102538.52,-102538.523438,-102538.523438,-102538.523438,-102538.523438,3.352886310171706e-08,3.352886310171706e-08,3.352886310171706e-08,3.352886310171706e-08
prob02,6,-183000.0,-183000.0,-183000.0,-183000.0,-183000.0,0.0,0.0,0.0,0.0
prob10,2,0.0,0.00032,0.000526,0.000346,0.0012699999999999999,320000.0,526000.0,346000.0,1269999.9999999998
procsel,9,-11.0,-10.999999,-10.999999,-11.0,2976.225098,9.090909083279004e-08,9.090909083279004e-08,0.0,271.5659179753122
qap,225,0.0,0.0,0.0,56466.0,0.0,0.0,0.0,56466000000000.0,0.0
qapw,450,-225000.0,-191009.5625,-68417.765625,-171401.796875,-68267.734375,0.15106861111111045,0.6959210416666636,0.23821423611111006,0.6965878472222191
qspp_0_10_0_1_10_1,180,0.0,0.0,0.0,0.0,0.0,0.0,0.0,0.0,0.0
qspp_0_11_0_1_10_1,220,0.0,0.0,0.0,0.0,0.0,0.0,0.0,0.0,0.0
qspp_0_12_0_1_10_1,264,0.0,0.0,0.0,0.0,0.0,0.0,0.0,0.0,0.0
qspp_0_13_0_1_10_1,312,0.0,0.0,0.0,0.0,0.0,0.0,0.0,0.0,0.0
qspp_0_14_0_1_10_1,364,0.0,0.0,0.0,0.0,0.0,0.0,0.0,0.0,0.0
ringpack_10_1,50,-92.1259,-92.125854,-92.125854,-92.125854,-92.125854,4.993166959242589e-07,4.993166959242589e-07,4.993166959242589e-07,4.993166959242589e-07
ringpack_10_2,60,-100.8188,-100.81884000000001,-100.81884000000001,-100.81884000000001,-100.81884000000001,3.967513996625609e-07,3.967513996625609e-07,3.967513996625609e-07,3.967513996625609e-07
ringpack_20_1,175,-335.8921,-335.89205899999996,-335.89205899999996,-335.89205899999996,-335.89205899999996,1.2206300793288423e-07,1.2206300793288423e-07,1.2206300793288423e-07,1.2206300793288423e-07
ringpack_20_2,195,-348.4818,-348.48175,-348.48175,-348.48175,-348.48175,1.4347951613010755e-07,1.4347951613010755e-07,1.4347951613010755e-07,1.4347951613010755e-07
ringpack_20_3,213,-354.7711,-354.771057,-354.771057,-354.771057,-354.771057,1.2120491213912596e-07,1.2120491213912596e-07,1.2120491213912596e-07,1.2120491213912596e-07
ringpack_30_1,373,-733.4246,-733.424561,-733.424561,-733.424561,-733.424561,5.3175200307118313e-08,5.3175200307118313e-08,5.3175200307118313e-08,5.3175200307118313e-08
ringpack_30_2,403,-751.4123,-751.412292,-751.412292,-751.412292,-751.412292,1.0646618347598643e-08,1.0646618347598643e-08,1.0646618347598643e-08,1.0646618347598643e-08
rsyn0805h,45,-35533.0,-35533.0,-35533.0,-35533.0,66553.921875,0.0,0.0,0.0,2.8730172480510268
rsyn0805hfsg,45,-35533.0,-35533.0,-35533.0,-35533.0,66553.921875,0.0,0.0,0.0,2.8730172480510268
rsyn0805m,45,-35533.0,-35533.0,-35533.0,-35533.0,66553.921875,0.0,0.0,0.0,2.8730172480510268
rsyn0805m02h,92,-190100.0,-190100.0,-190100.0,-190100.0,154226.15625,0.0,0.0,0.0,1.8112896173066713
rsyn0805m02hfsg,92,-190100.0,-190100.0,-190100.0,-190100.0,154226.15625,0.0,0.0,0.0,1.8112896173066713
rsyn0805m02m,92,-190100.0,-190100.0,-190100.0,-190100.0,154226.15625,0.0,0.0,0.0,1.8112896173066713
rsyn0805m03h,138,-282485.0,-282485.0,-282485.0,-282485.0,-278395.75,0.0,0.0,0.0,0.014475989875568564
rsyn0805m03hfsg,138,-282485.0,-282485.0,-282485.0,-282485.0,-278395.75,0.0,0.0,0.0,0.014475989875568564
rsyn0805m03m,138,-282485.0,-282485.0,-282485.0,-282485.0,-278395.75,0.0,0.0,0.0,0.014475989875568564
rsyn0805m04h,184,-251809.0,-251809.0,-251504.484375,-251809.0,-251626.0,0.0,0.0012093119189544408,0.0,0.0007267412999535334
rsyn0805m04hfsg,184,-251809.0,-251809.0,-251809.0,-251809.0,-178072.6875,0.0,0.0,0.0,0.2928263584701091
rsyn0805m04m,184,-251809.0,-251809.0,-251595.859375,-251809.0,-213960.65625,0.0,0.0008464376769694458,0.0,0.15030576250253108
rsyn0810h,53,-35555.0,-35555.0,-35555.0,-35555.0,-35555.0,0.0,0.0,0.0,0.0
rsyn0810hfsg,53,-35555.0,-35555.0,-35555.0,-35555.0,-35555.0,0.0,0.0,0.0,0.0
rsyn0810m,53,-35555.0,-35555.0,-35555.0,-35555.0,-35555.0,0.0,0.0,0.0,0.0
rsyn0810m02h,108,-190150.0,-190150.0,-190150.0,-190150.0,-155284.21875,0.0,0.0,0.0,0.18335935445700668
rsyn0810m02hfsg,108,-190150.0,-190150.0,-190150.0,-190150.0,-155284.21875,0.0,0.0,0.0,0.18335935445700668
rsyn0810m02m,108,-190150.0,-190150.0,-190150.0,-190150.0,-155284.21875,0.0,0.0,0.0,0.18335935445700668
rsyn0810m03h,162,-282554.0,-282554.0,-4616.803711,-282554.0,-251801.03125,0.0,0.9836604553076546,0.0,0.10883926169864837
rsyn0810m03hfsg,162,-282554.0,-282554.0,-5692.11377,-282554.0,-251801.03125,0.0,0.9798547754765426,0.0,0.10883926169864837
rsyn0810m03m,162,-282554.0,-282554.0,-5751.205078,-282554.0,-251801.03125,0.0,0.9796456426806875,0.0,0.10883926169864837
rsyn0810m04h,216,-251905.0,-251905.0,-54286.742188,-251905.0,-174478.296875,0.0,0.7844951779917001,0.0,0.3073646935352601
rsyn0810m04hfsg,216,-251905.0,-251905.0,-58688.453125,-251905.0,-192438.921875,0.0,0.7670214837934906,0.0,0.23606549343998637
rsyn0810m04m,216,-251905.0,-251905.0,-79171.539062,-251905.0,-174478.296875,0.0,0.6857087431293516,0.0,0.3073646935352601
rsyn0815h,57,-35560.0,-35560.0,-35560.0,-35560.0,-35559.859375,0.0,0.0,0.0,3.954583802024636e-06
rsyn0815hfsg,57,-35560.0,-35560.0,-35560.0,-35560.0,-35559.859375,0.0,0.0,0.0,3.954583802024636e-06
rsyn0815m,57,-35560.0,-35560.0,-35560.0,-35560.0,-35559.859375,0.0,0.0,0.0,3.954583802024636e-06
rsyn0815m02h,122,-190695.0,-190695.0,-190695.0,-190695.0,-183576.28125,0.0,0.0,0.0,0.037330390151812914
rsyn0815m02hfsg,122,-190695.0,-190695.0,-190695.0,-190695.0,-183576.28125,0.0,0.0,0.0,0.037330390151812914
rsyn0815m02m,122,-190695.0,-190695.0,-190695.0,-190695.0,-183576.28125,0.0,0.0,0.0,0.037330390151812914
rsyn0815m03h,183,-283324.0,-283324.0,-283324.0,-283324.0,-278086.75,0.0,0.0,0.0,0.0184850206830342
rsyn0815m03hfsg,183,-283324.0,-283324.0,-283324.0,-283324.0,-273110.21875,0.0,0.0,0.0,0.03604982722960273
rsyn0815m03m,183,-283324.0,-283324.0,-283324.0,-283324.0,-273110.21875,0.0,0.0,0.0,0.03604982722960273
rsyn0815m04h,244,-369108.0,-369108.0,-64239.81640599999,-369108.0,-289988.90625,0.0,0.8259592953661237,0.0,0.21435215099645574
rsyn0815m04hfsg,244,-369108.0,-369108.0,-70219.414062,-369108.0,-289988.90625,0.0,0.8097591651711673,0.0,0.21435215099645574
rsyn0815m04m,244,-369108.0,-369108.0,-54603.90625,-369108.0,-289988.90625,0.0,0.8520652322626417,0.0,0.21435215099645574
rsyn0820h,65,-78580.0,-78580.0,-78580.0,-78580.0,-73599.75,0.0,0.0,0.0,0.06337808602697806
rsyn0820hfsg,65,-78580.0,-78580.0,-78580.0,-78580.0,-73599.75,0.0,0.0,0.0,0.06337808602697806
rsyn0820m,65,-78580.0,-78580.0,-78580.0,-78580.0,-73599.75,0.0,0.0,0.0,0.06337808602697806
rsyn0820m02h,138,-190736.0,-190736.0,-190736.0,-190736.0,-147995.25,0.0,0.0,0.0,0.22408328789530962
rsyn0820m02hfsg,138,-190736.0,-190736.0,-190736.0,-190736.0,-147995.25,0.0,0.0,0.0,0.22408328789530962
rsyn0820m02m,138,-190736.0,-190736.0,-190736.0,-190736.0,-147995.25,0.0,0.0,0.0,0.22408328789530962
rsyn0820m03h,207,-283381.0,-283381.0,-91220.90625,-283381.0,-243014.84375,0.0,0.6780980155691431,0.0,0.1424448225180935
rsyn0820m03hfsg,207,-283381.0,-283381.0,-92260.578125,-283381.0,-248659.65625,0.0,0.6744292026459054,0.0,0.12252530603674869
rsyn0820m03m,207,-283381.0,-283381.0,-184375.78125,-283381.0,-223106.65625,0.0,0.3493714072220779,0.0,0.21269719476605625
rsyn0820m04h,276,-369182.0,-369182.0,-18435.125,-369182.0,-288572.5625,0.0,0.9500649408692706,0.0,0.21834606643877488
rsyn0820m04hfsg,276,-369182.0,-369182.0,-16271.708984,-369182.0,-288572.5625,0.0,0.9559249665910012,0.0,0.21834606643877488
rsyn0820m04m,276,-369182.0,-369182.0,-248450.03125,-369182.0,-338042.78125,0.0,0.32702560999723623,0.0,0.08434652488474496
rsyn0830h,86,-79056.0,-79056.0,-79056.0,-79056.0,-73949.867188,0.0,0.0,0.0,0.06458880808540694
rsyn0830hfsg,86,-79056.0,-79056.0,-79056.0,-79056.0,-73949.867188,0.0,0.0,0.0,0.06458880808540694
rsyn0830m,86,-79056.0,-79056.0,-79056.0,-79056.0,-73949.867188,0.0,0.0,0.0,0.06458880808540694
rsyn0830m02h,172,-190896.0,-190896.0,-5354.996582,-190896.0,-183643.265625,0.0,0.9719480943445595,0.0,0.03799311863527765
rsyn0830m02hfsg,172,-190896.0,-190896.0,-90873.898438,-190896.0,-183643.265625,0.0,0.523961222665742,0.0,0.03799311863527765
rsyn0830m02m,172,-190896.0,-190896.0,-5431.060547,-190896.0,-183643.265625,0.0,0.9715496367288945,0.0,0.03799311863527765
rsyn0830m03h,258,-283626.0,-283626.0,-39077.511719,-283626.0,-36130.671875,0.0,0.8622216872959431,0.0,0.8726115663761402
rsyn0830m03hfsg,258,-283626.0,-283626.0,-189415.3125,-283626.0,-211949.28125,0.0,0.3321652017092921,0.0,0.2527156140480765
rsyn0830m03m,258,-283626.0,-283626.0,-55203.30859400001,-283626.0,-199879.671875,0.0,0.8053658388370573,0.0,0.2952702789060231
rsyn0830m04h,344,-369518.0,-369518.0,-25089.804688,-369518.0,638643.75,0.0,0.9321012651941153,0.0,2.728315670684506
rsyn0830m04hfsg,344,-369518.0,-369518.0,-8500.291016,-369518.0,638643.75,0.0,0.9769962734805857,0.0,2.728315670684506
rsyn0830m04m,344,-369518.0,-369518.0,-138520.046875,-369518.0,638643.75,0.0,0.6251331548801394,0.0,2.728315670684506
rsyn0840h,101,-79259.0,-79259.0,-79259.0,-79259.0,-78920.148438,0.0,0.0,0.0,0.004275243972293265
rsyn0840hfsg,101,-79259.0,-79259.0,-79259.0,-79259.0,-79062.921875,0.0,0.0,0.0,0.0024738909776807366
rsyn0840m,101,-79259.0,-79259.0,-79259.0,-79259.0,-78920.148438,0.0,0.0,0.0,0.004275243972293265
rsyn0840m02h,202,-190537.0,-190537.0,-189872.0,-190537.0,-175594.703125,0.0,0.003490135774154083,0.0,0.07842202236311017
rsyn0840m02hfsg,202,-190537.0,-190537.0,-190517.875,-190537.0,-162605.25,0.0,0.00010037420553488247,0.0,0.1465948870822982
rsyn0840m02m,202,-190537.0,-190537.0,-190525.734375,-190537.0,-162605.25,0.0,5.912565538451819e-05,0.0,0.1465948870822982
rsyn0840m03h,303,-202138.0,-202138.0,-1501.894043,-202138.0,-138011.796875,0.0,0.9925699569452503,0.0,0.3172397229862752
rsyn0840m03hfsg,303,-202138.0,-202138.0,-6823.563477,-202138.0,-138011.796875,0.0,0.9662430444696151,0.0,0.3172397229862752
rsyn0840m03m,303,-202138.0,-202138.0,-8579.257812,-202138.0,-138011.796875,0.0,0.9575574220977702,0.0,0.3172397229862752
rsyn0840m04h,404,-368695.0,-368695.0,-9730.508789,-368695.0,21218.894531,0.0,0.973608243157621,0.0,1.0575513487598123
rsyn0840m04hfsg,404,-368695.0,-368695.0,-23165.162109,-368695.0,21218.894531,0.0,0.9371698501227276,0.0,1.0575513487598123
rsyn0840m04m,404,-368695.0,-368695.0,-9599.932617,-368695.0,21218.894531,0.0,0.973962400854362,0.0,1.0575513487598123
sep1,10,-3250.0,-3250.0,-3250.0,-3249.999268,-3019.757568,0.0,0.0,2.2523076922173594e-07,0.07084382523074743
sepasequ_convent,81,0.0,0.0,0.0,1.986054,10.702127,0.0,0.0,1986053999.9999998,10702127000.0
smallinvDAXr1b010-011,30,0.0,0.0,0.0,39599.902344,48.658962,0.0,0.0,39599902344000.0,48658962000.0
smallinvDAXr1b020-022,30,0.0,0.0,0.0,39599.902344,64.35627,0.0,0.0,39599902344000.0,64356269999.99999
smallinvDAXr1b050-055,30,0.0,0.0,0.0,39599.902344,108.11187,0.0,0.0,39599902344000.0,108111869999.99998
smallinvDAXr1b100-110,30,0.0,0.0,0.0,39599.902344,108.11187,0.0,0.0,39599902344000.0,108111869999.99998
smallinvDAXr1b150-165,30,0.0,0.0,0.0,39599.902344,108.11187,0.0,0.0,39599902344000.0,108111869999.99998
smallinvDAXr1b200-220,30,0.0,0.0,0.0,39599.902344,108.11187,0.0,0.0,39599902344000.0,108111869999.99998
smallinvDAXr2b010-011,30,0.0,0.0,0.0,39599.902344,108.11187,0.0,0.0,39599902344000.0,108111869999.99998
smallinvDAXr2b020-022,30,0.0,0.0,0.0,39599.902344,108.11187,0.0,0.0,39599902344000.0,108111869999.99998
smallinvDAXr2b050-055,30,0.0,0.0,0.0,39599.902344,64.35627,0.0,0.0,39599902344000.0,64356269999.99999
smallinvDAXr2b100-110,30,0.0,0.0,0.0,39599.902344,108.11187,0.0,0.0,39599902344000.0,108111869999.99998
smallinvDAXr2b150-165,30,0.0,0.0,0.0,39599.902344,64.35627,0.0,0.0,39599902344000.0,64356269999.99999
smallinvDAXr2b200-220,30,0.0,0.0,0.0,39599.902344,108.11187,0.0,0.0,39599902344000.0,108111869999.99998
smallinvDAXr3b010-011,30,0.0,0.0,0.0,39599.902344,108.11187,0.0,0.0,39599902344000.0,108111869999.99998
smallinvDAXr3b020-022,30,0.0,0.0,0.0,39599.902344,108.11187,0.0,0.0,39599902344000.0,108111869999.99998
smallinvDAXr3b050-055,30,0.0,0.0,0.0,39599.902344,108.11187,0.0,0.0,39599902344000.0,108111869999.99998
smallinvDAXr3b100-110,30,0.0,0.0,0.0,39599.902344,108.11187,0.0,0.0,39599902344000.0,108111869999.99998
smallinvDAXr3b150-165,30,0.0,0.0,0.0,39599.902344,108.11187,0.0,0.0,39599902344000.0,108111869999.99998
smallinvDAXr3b200-220,30,0.0,0.0,0.0,39599.902344,64.35627,0.0,0.0,39599902344000.0,64356269999.99999
smallinvDAXr4b010-011,30,0.0,0.0,0.0,39599.902344,108.11187,0.0,0.0,39599902344000.0,108111869999.99998
smallinvDAXr4b020-022,30,0.0,0.0,0.0,39599.902344,64.35627,0.0,0.0,39599902344000.0,64356269999.99999
smallinvDAXr4b050-055,30,0.0,0.0,0.0,39599.902344,108.11187,0.0,0.0,39599902344000.0,108111869999.99998
smallinvDAXr4b100-110,30,0.0,0.0,0.0,39599.902344,64.35627,0.0,0.0,39599902344000.0,64356269999.99999
smallinvDAXr4b150-165,30,0.0,0.0,0.0,39599.902344,108.11187,0.0,0.0,39599902344000.0,108111869999.99998
smallinvDAXr4b200-220,30,0.0,0.0,0.0,39599.902344,108.11187,0.0,0.0,39599902344000.0,108111869999.99998
smallinvDAXr5b010-011,30,0.0,0.0,0.0,39599.902344,64.35627,0.0,0.0,39599902344000.0,64356269999.99999
smallinvDAXr5b020-022,30,0.0,0.0,0.0,39599.902344,108.11187,0.0,0.0,39599902344000.0,108111869999.99998
smallinvDAXr5b050-055,30,0.0,0.0,0.0,39599.902344,108.11187,0.0,0.0,39599902344000.0,108111869999.99998
smallinvDAXr5b100-110,30,0.0,0.0,0.0,39599.902344,108.11187,0.0,0.0,39599902344000.0,108111869999.99998
smallinvDAXr5b150-165,30,0.0,0.0,0.0,39599.902344,108.11187,0.0,0.0,39599902344000.0,108111869999.99998
smallinvDAXr5b200-220,30,0.0,0.0,0.0,39599.902344,108.11187,0.0,0.0,39599902344000.0,108111869999.99998
smallinvSNPr1b010-011,100,-0.0,0.0,0.0,1104451.0,9430.1875,0.0,0.0,1104450999999999.9,9430187500000.0
smallinvSNPr1b020-022,100,-0.0,0.0,0.0,1104451.0,9430.1875,0.0,0.0,1104450999999999.9,9430187500000.0
smallinvSNPr1b050-055,100,-0.0,0.0,0.0,1104451.0,9430.1875,0.0,0.0,1104450999999999.9,9430187500000.0
smallinvSNPr1b100-110,100,-0.0,0.0,0.0,1104451.0,9430.1875,0.0,0.0,1104450999999999.9,9430187500000.0
smallinvSNPr1b150-165,100,-0.0,0.0,0.0,1104451.0,9430.1875,0.0,0.0,1104450999999999.9,9430187500000.0
smallinvSNPr1b200-220,100,-0.0,0.0,0.0,1104451.0,9430.1875,0.0,0.0,1104450999999999.9,9430187500000.0
smallinvSNPr2b010-011,100,-0.0,0.0,0.0,1104451.0,9430.1875,0.0,0.0,1104450999999999.9,9430187500000.0
smallinvSNPr2b020-022,100,-0.0,0.0,0.0,1104451.0,9430.1875,0.0,0.0,1104450999999999.9,9430187500000.0
smallinvSNPr2b050-055,100,-0.0,0.0,0.0,1104451.0,9430.1875,0.0,0.0,1104450999999999.9,9430187500000.0
smallinvSNPr2b100-110,100,-0.0,0.0,0.0,1104451.0,9430.1875,0.0,0.0,1104450999999999.9,9430187500000.0
smallinvSNPr2b150-165,100,-0.0,0.0,0.0,1104451.0,9430.1875,0.0,0.0,1104450999999999.9,9430187500000.0
smallinvSNPr2b200-220,100,-0.0,0.0,0.0,1104451.0,9430.1875,0.0,0.0,1104450999999999.9,9430187500000.0
smallinvSNPr3b010-011,100,-0.0,0.0,0.0,1104451.0,9430.1875,0.0,0.0,1104450999999999.9,9430187500000.0
smallinvSNPr3b020-022,100,-0.0,0.0,0.0,1104451.0,9430.1875,0.0,0.0,1104450999999999.9,9430187500000.0
smallinvSNPr3b050-055,100,-0.0,0.0,0.0,1104451.0,9430.1875,0.0,0.0,1104450999999999.9,9430187500000.0
smallinvSNPr3b100-110,100,-0.0,0.0,0.0,1104451.0,9430.1875,0.0,0.0,1104450999999999.9,9430187500000.0
smallinvSNPr3b150-165,100,-0.0,0.0,0.0,1104451.0,9430.1875,0.0,0.0,1104450999999999.9,9430187500000.0
smallinvSNPr3b200-220,100,-0.0,0.0,0.0,1104451.0,9430.1875,0.0,0.0,1104450999999999.9,9430187500000.0
smallinvSNPr4b010-011,100,-0.0,0.0,0.0,1104451.0,9430.1875,0.0,0.0,1104450999999999.9,9430187500000.0
smallinvSNPr4b020-022,100,-0.0,0.0,0.0,1104451.0,9430.1875,0.0,0.0,1104450999999999.9,9430187500000.0
smallinvSNPr4b050-055,100,-0.0,0.0,0.0,1104451.0,9430.1875,0.0,0.0,1104450999999999.9,9430187500000.0
smallinvSNPr4b100-110,100,-0.0,0.0,0.0,1104451.0,9430.1875,0.0,0.0,1104450999999999.9,9430187500000.0
smallinvSNPr4b150-165,100,-0.0,0.0,0.0,1104451.0,9430.1875,0.0,0.0,1104450999999999.9,9430187500000.0
smallinvSNPr4b200-220,100,-0.0,0.0,0.0,1104451.0,9430.1875,0.0,0.0,1104450999999999.9,9430187500000.0
smallinvSNPr5b010-011,100,-0.0,0.0,0.0,1104451.0,9430.1875,0.0,0.0,1104450999999999.9,9430187500000.0
smallinvSNPr5b020-022,100,-0.0,0.0,0.0,1104451.0,11352.78125,0.0,0.0,1104450999999999.9,11352781250000.0
smallinvSNPr5b050-055,100,-0.0,0.0,0.0,1104451.0,9430.1875,0.0,0.0,1104450999999999.9,9430187500000.0
smallinvSNPr5b100-110,100,-0.0,0.0,0.0,1104451.0,9430.1875,0.0,0.0,1104450999999999.9,9430187500000.0
smallinvSNPr5b150-165,100,-0.0,0.0,0.0,1104451.0,9430.1875,0.0,0.0,1104450999999999.9,9430187500000.0
smallinvSNPr5b200-220,100,-0.0,0.0,0.0,1104451.0,9430.1875,0.0,0.0,1104450999999999.9,9430187500000.0
sonet17v4,135,0.0,0.0,0.0,0.0,0.0,0.0,0.0,0.0,0.0
sonet18v6,152,0.0,0.0,0.0,0.0,0.0,0.0,0.0,0.0,0.0
sonet19v5,170,0.0,0.0,0.0,0.0,0.0,0.0,0.0,0.0,0.0
sonet20v6,189,0.0,0.0,0.0,0.0,0.0,0.0,0.0,0.0,0.0
sonet21v6,209,0.0,0.0,0.0,0.0,0.0,0.0,0.0,0.0,0.0
sonet22v4,229,0.0,0.0,0.0,0.0,0.0,0.0,0.0,0.0,0.0
sonet22v5,251,-727536.0,-727536.0,-727536.0,-727536.0,-727536.0,0.0,0.0,0.0,0.0
sonet23v4,274,-473508.0,-473508.0,-473508.0,-473508.0,-473508.0,0.0,0.0,0.0,0.0
sonet23v6,250,0.0,0.0,0.0,0.0,0.0,0.0,0.0,0.0,0.0
sonet24v2,276,0.0,0.0,0.0,0.0,0.0,0.0,0.0,0.0,0.0
sonet24v5,298,-962008.0,-962008.0,-962008.0,-962008.0,-962008.0,0.0,0.0,0.0,0.0
sonet25v5,295,0.0,0.0,0.0,0.0,0.0,0.0,0.0,0.0,0.0
sonet25v6,323,-1337280.0,-1337280.0,-1337280.0,-1327450.0,-1337280.0,0.0,0.0,0.007350741804259387,0.0
sonetgr17,151,-413832.0,-413832.0,-413832.0,-413832.0,-413832.0,0.0,0.0,0.0,0.0
sporttournament06,15,-4.0,-4.0,-4.0,-4.0,-4.0,0.0,0.0,0.0,0.0
sporttournament08,28,-8.0,-4.0,-4.0,-4.0,-8.0,0.4999999999375,0.4999999999375,0.4999999999375,0.0
sporttournament10,45,-12.0,-4.0,-4.0,-0.0,-10.0,0.6666666666111111,0.6666666666111111,0.9999999999166667,0.16666666665277777
sporttournament12,66,-20.0,-4.0,-4.0,-2.0,-20.0,0.79999999996,0.79999999996,0.899999999955,0.0
sporttournament14,91,-24.0,-0.0,-4.0,23.094358,-9.335936,0.9999999999583333,0.8333333332986111,1.9622649165849055,0.6110026666412082
sporttournament16,120,-34.0,-8.0,-22.0,-6.0,-10.0,0.7647058823304499,0.3529411764602077,0.8235294117404846,0.7058823529204153
sporttournament18,153,-48.0,-2.0,-22.0,-2.0,-32.0,0.9583333333133681,0.541666666655382,0.9583333333133681,0.3333333333263889
sporttournament20,190,-64.0,-6.0,-42.0,-6.0,-46.0,0.9062499999858398,0.3437499999946289,0.9062499999858398,0.28124999999560546
sporttournament22,231,-78.0,-4.0,-62.0,-6.0,-62.0,0.9487179487057856,0.20512820512557528,0.9230769230650887,0.20512820512557528
sporttournament24,276,-100.0,-4.0,-72.0,-8.0,-68.0,0.9599999999904,0.2799999999972,0.9199999999908,0.3199999999968
sporttournament26,325,-112.0,-4.0,-80.0,-2.0,-74.0,0.9642857142771045,0.2857142857117347,0.982142857134088,0.33928571428268495
sporttournament28,378,-152.0,-6.0,-110.0,-6.0,-108.0,0.9605263157831545,0.27631578947186636,0.9605263157831545,0.2894736842086219
sporttournament30,435,-172.0,-8.0,-144.0,-10.0,-124.0,0.9534883720874798,0.16279069767347215,0.9418604651108032,0.279069767440238
sporttournament32,496,-202.0,-6.0,-154.0,-6.0,-144.0,0.9702970296981669,0.23762376237506128,0.9702970296981669,0.2871287128698657
spring,3,0.0418,0.041798,0.041798,859.89386,10.853295,4.784688880737255e-05,4.784688880737255e-05,20570.622952855912,258.6481995538708
squfl010-025,260,0.0,0.0,0.0,608088128.0,415564320.0,0.0,0.0,6.08088128e+17,4.1556432e+17
squfl010-025persp,260,0.0,0.0,0.0,2.0,1052762.75,0.0,0.0,1999999999.9999998,1052762749999999.9
squfl010-040,410,0.0,0.0,0.0,964862336.0,730022784.0,0.0,0.0,9.64862336e+17,7.30022784e+17
squfl010-040persp,410,0.0,0.0,0.0,0.0,2202907.75,0.0,0.0,0.0,2202907749999999.8
sssd08-04,48,0.0,0.0,0.0,0.0,33765372.0,0.0,0.0,0.0,3.3765371999999996e+16
sssd08-04persp,48,0.0,0.0,0.0,0.0,33765372.0,0.0,0.0,0.0,3.3765371999999996e+16
sssd12-05,80,0.0,0.0,0.0,0.0,45210868.0,0.0,0.0,0.0,4.5210868e+16
sssd12-05persp,80,0.0,0.0,0.0,0.0,45210868.0,0.0,0.0,0.0,4.5210868e+16
sssd15-04,76,0.0,0.0,0.0,0.0,13881761.0,0.0,0.0,0.0,1.3881761e+16
sssd15-04persp,76,0.0,0.0,0.0,0.0,13881761.0,0.0,0.0,0.0,1.3881761e+16
sssd15-06,114,0.0,0.0,0.0,0.0,40.783463,0.0,0.0,0.0,40783462999.99999
sssd15-06persp,114,0.0,0.0,0.0,0.0,40.783463,0.0,0.0,0.0,40783462999.99999
sssd15-08,152,0.0,0.0,0.0,0.0,0.0,0.0,0.0,0.0,0.0
sssd15-08persp,152,0.0,0.0,0.0,0.0,0.0,0.0,0.0,0.0,0.0
sssd16-07,140,0.0,0.0,0.0,0.0,40243176.0,0.0,0.0,0.0,4.0243176e+16
sssd16-07persp,140,0.0,0.0,0.0,0.0,40243176.0,0.0,0.0,0.0,4.0243176e+16
sssd18-06,132,0.0,0.0,0.0,0.0,24201428.0,0.0,0.0,0.0,2.4201428e+16
sssd18-06persp,132,0.0,0.0,0.0,0.0,24201428.0,0.0,0.0,0.0,2.4201428e+16
sssd18-08,176,0.0,0.0,0.0,0.0,0.0,0.0,0.0,0.0,0.0
sssd18-08persp,176,0.0,0.0,0.0,0.0,0.0,0.0,0.0,0.0,0.0
sssd20-04,96,0.0,0.0,0.0,0.0,9279648.0,0.0,0.0,0.0,9279648000000000.0
sssd20-04persp,96,0.0,0.0,0.0,0.0,9279648.0,0.0,0.0,0.0,9279648000000000.0
sssd20-08,192,0.0,0.0,0.0,0.0,0.088729,0.0,0.0,0.0,88729000.0
sssd20-08persp,192,0.0,0.0,0.0,0.0,0.0,0.0,0.0,0.0,0.0
sssd22-08,208,0.0,0.0,0.0,0.0,0.0,0.0,0.0,0.0,0.0
sssd22-08persp,208,0.0,0.0,0.0,0.0,0.0,0.0,0.0,0.0,0.0
sssd25-04,116,0.0,0.0,0.0,0.0,1873.026855,0.0,0.0,0.0,1873026855000.0
sssd25-04persp,116,0.0,0.0,0.0,0.0,1873.026855,0.0,0.0,0.0,1873026855000.0
sssd25-08,232,0.0,0.0,0.0,0.0,0.0,0.0,0.0,0.0,0.0
sssd25-08persp,232,0.0,0.0,0.0,0.0,0.0,0.0,0.0,0.0,0.0
st_e13,2,0.0,0.0,0.0,0.0,0.0013,0.0,0.0,0.0,1299999.9999999998
st_e15,5,-0.5,-0.5,-0.5,-0.5,-0.49726099999999995,0.0,0.0,0.0,0.005477999989044094
st_e27,4,-25.0,-25.0,-25.0,-24.999924,-24.996403,0.0,0.0,3.0399999998769995e-06,0.00014387999999421216
st_e35,23,0.0,0.0,0.0,28.507702000000002,11580.861328,0.0,0.0,28507702000.0,11580861328000.0
st_e36,2,-304.5,-304.5,-304.5,-304.49942000000004,-304.344208,0.0,0.0,1.9047619046135352e-06,0.0005116321839064297
st_e38,4,3422.6745,3422.674561,3422.674561,3422.674561,3424.017822,1.7822319864855726e-08,1.7822319864855726e-08,1.7822319864855726e-08,0.0003924772864025848
st_e40,3,4.4142,4.414214,4.414214,4.414214,4.414214,3.1715826190496467e-06,3.1715826190496467e-06,3.1715826190496467e-06,3.1715826190496467e-06
st_miqp2,4,-12.0,-12.0,-12.0,4.0,89164.0,0.0,0.0,1.3333333332222221,7431.333332714055
st_miqp3,2,-3000.0,-3000.0,-3000.0,-3000.0,-2817.0,0.0,0.0,0.0,0.06099999999997967
st_miqp4,6,-6254.0,-6253.999511999999,-6254.0,-6254.0,1752253.75,7.80300608549456e-08,0.0,0.0,281.1812839782089
st_test2,6,-10.25,-10.25,-10.25,-10.25,-10.25,0.0,0.0,0.0,0.0
st_test3,13,-2005.0,-2005.0,-2005.0,-2005.0,-1234.0,0.0,0.0,0.0,0.38453865336639176
st_test4,6,-3002.0,-3002.0,-3002.0,-3002.0,-1687.0,0.0,0.0,0.0,0.43804130579599
st_test5,10,-290.0,-290.0,-290.0,-290.0,-290.0,0.0,0.0,0.0,0.0
st_test6,10,0.0,0.0,0.0,0.0,0.0,0.0,0.0,0.0,0.0
st_test8,24,-47066.0,-47066.0,-47066.0,3884.0,-46989.0,0.0,0.0,1.082522415331639,0.0016360005099222022
st_testgr1,10,-14.7989,-14.7989,-14.7989,-14.7989,-14.79025,0.0,0.0,0.0,0.000584502902203196
st_testgr3,20,-60.5002,-60.500252,-60.500252,-60.500252,-60.48135,8.595012909520339e-07,8.595012909520339e-07,8.595012909520339e-07,0.0003115692179478565
st_testph4,3,-87.5,-87.5,-87.5,-87.5,-87.5,0.0,0.0,0.0,0.0
supplychain,27,0.0,0.0,0.0,0.0,667.601624,0.0,0.0,0.0,667601624000.0
supplychainp1_020306,66,44.3403,44.340343,44.340343,8674.802734,44813.621094,9.697724191547436e-07,9.697724191547436e-07,194.64149845186793,1009.6747381725052
supplychainp1_030510,220,126.6562,126.656181,126.656181,1202.98999,1202.98999,1.5001239571779481e-07,1.5001239571779481e-07,8.498074235540795,8.498074235540795
supplychainr1_020306,36,49310.6549,49310.65625,49310.65625,49852.144531,222737.140625,2.7377450195615095e-08,2.7377450195615095e-08,0.010981189199334397,3.5170185039460202
supplychainr1_030510,85,125674.8605,125674.859375,125674.859375,127238.24218800002,1792461.25,8.95167092886459e-09,8.95167092886459e-09,0.012439891970280012,13.262687405171114
syn05h,10,-49.0,-49.0,-48.999953999999995,-48.999981,74472.554688,0.0,9.387755102798909e-07,3.8775510206897653e-07,1520.8480548261052
syn05hfsg,10,-49.0,-48.999771,-49.0,-48.999981,74472.554688,4.673469387606056e-06,0.0,3.8775510206897653e-07,1520.8480548261052
syn05m,10,-49.0,-49.0,-49.0,-48.999981,74472.554688,0.0,0.0,3.8775510206897653e-07,1520.8480548261052
syn05m02h,22,-244.0,-244.0,-243.999985,-243.999969,284631.46875,0.0,6.147540979708556e-08,1.2704918035602706e-07,1167.5224129050512
syn05m02hfsg,22,-244.0,-244.0,-244.0,-243.999969,284631.46875,0.0,0.0,1.2704918035602706e-07,1167.5224129050512
syn05m02m,22,-244.0,-244.0,-243.999634,-243.999969,284631.46875,0.0,1.5000000000506363e-06,1.2704918035602706e-07,1167.5224129050512
syn05m03h,33,-371.0,-371.0,-370.999664,-370.99993900000004,-269.156036,0.0,9.056603773677283e-07,1.6442048506607069e-07,0.2745120323442736
syn05m03hfsg,33,-371.0,-371.0,-371.0,-370.99993900000004,-269.156036,0.0,0.0,1.6442048506607069e-07,0.2745120323442736
syn05m03m,33,-371.0,-371.0,-370.999969,-370.99993900000004,-269.156036,0.0,8.355795142450777e-08,1.6442048506607069e-07,0.2745120323442736
syn05m04h,44,-467.0,-467.0,-467.0,-466.999939,4733.008789,0.0,0.0,1.306209850458018e-07,11.134922460361597
syn05m04hfsg,44,-467.0,-467.0,-466.99951200000004,-466.999939,4733.008789,0.0,1.0449678800012533e-06,1.306209850458018e-07,11.134922460361597
syn05m04m,44,-467.0,-467.0,-466.99975599999993,-466.999939,4733.008789,0.0,5.224839401832072e-07,1.306209850458018e-07,11.134922460361597
syn10h,18,-71.0,-70.999985,-71.0,-70.999985,-52.0,2.1126760569788644e-07,0.0,2.1126760569788644e-07,0.2676056337990478
syn10hfsg,18,-71.0,-71.0,-71.0,-70.999985,-52.0,0.0,0.0,2.1126760569788644e-07,0.2676056337990478
syn10m,18,-71.0,-71.0,-71.0,-70.999985,-52.0,0.0,0.0,2.1126760569788644e-07,0.2676056337990478
syn10m02h,38,-294.0,-294.0,-293.999084,-293.999969,-190.438904,0.0,3.1156462585536967e-06,1.0544217679751871e-07,0.352248625849142
syn10m02hfsg,38,-294.0,-294.0,-294.0,-293.999969,-190.438904,0.0,0.0,1.0544217679751871e-07,0.352248625849142
syn10m02m,38,-294.0,-294.0,-294.0,-293.999969,-190.438904,0.0,0.0,1.0544217679751871e-07,0.352248625849142
syn10m03h,57,-440.0,-440.0,-440.0,-439.999939,9587.035156,0.0,0.0,1.3863636367359415e-07,22.788716263584572
syn10m03hfsg,57,-440.0,-440.0,-440.0,-439.999939,9587.035156,0.0,0.0,1.3863636367359415e-07,22.788716263584572
syn10m03m,57,-440.0,-440.0,-439.999542,-439.999939,9587.035156,0.0,1.0409090908624741e-06,1.3863636367359415e-07,22.788716263584572
syn10m04h,76,-563.0,-563.0,-563.0,-562.9999389999999,14530.818359,0.0,0.0,1.083481351212347e-07,26.809624083433732
syn10m04hfsg,76,-563.0,-563.0,-563.0,-562.9999389999999,14530.818359,0.0,0.0,1.083481351212347e-07,26.809624083433732
syn10m04m,76,-563.0,-563.0,-563.0,-562.9999389999999,14530.818359,0.0,0.0,1.083481351212347e-07,26.809624083433732
syn15h,22,-76.0,-76.0,-76.0,-76.0,300427.65625,0.0,0.0,0.0,3953.995476921658
syn15hfsg,22,-76.0,-75.999847,-76.0,-76.0,300427.65625,2.013157894676211e-06,0.0,0.0,3953.995476921658
syn15m,22,-76.0,-76.0,-76.0,-76.0,300427.65625,0.0,0.0,0.0,3953.995476921658
syn15m02h,52,-839.0,-839.0,-839.0,-839.0,-661.980652,0.0,0.0,0.0,0.21098849582811569
syn15m02hfsg,52,-839.0,-839.0,-839.0,-839.0,-661.980652,0.0,0.0,0.0,0.21098849582811569
syn15m02m,52,-839.0,-839.0,-839.0,-839.0,-661.980652,0.0,0.0,0.0,0.21098849582811569
syn15m03h,78,-1210.0,-1210.0,-1210.0,-1210.0,-719.242676,0.0,0.0,0.0,0.40558456528892106
syn15m03hfsg,78,-1210.0,-1210.0,-1210.0,-1210.0,-719.242676,0.0,0.0,0.0,0.40558456528892106
syn15m03m,78,-1210.0,-1210.0,-1210.0,-1210.0,-719.242676,0.0,0.0,0.0,0.40558456528892106
syn15m04h,104,-1766.0,-1766.0,-1766.0,-1766.0,-1406.77478,0.0,0.0,0.0,0.20341178935435822
syn15m04hfsg,104,-1766.0,-1765.999634,-1766.0,-1766.0,-1406.77478,2.0724801811167967e-07,0.0,0.0,0.20341178935435822
syn15m04m,104,-1766.0,-1766.0,-1765.999756,-1766.0,-1415.457275,0.0,1.3816534545070332e-07,0.0,0.1984953142694233
syn20h,30,-96.0,-96.0,-96.0,-96.0,-96.0,0.0,0.0,0.0,0.0
syn20hfsg,30,-96.0,-96.0,-96.0,-96.0,-96.0,0.0,0.0,0.0,0.0
syn20m,30,-96.0,-96.0,-96.0,-96.0,-96.0,0.0,0.0,0.0,0.0
syn20m02h,68,-880.0,-880.0,-880.0,-879.0,-853.329712,0.0,0.0,0.001136363636362345,0.030307145454511047
syn20m02hfsg,68,-880.0,-880.0,-880.0,-879.0,-853.329712,0.0,0.0,0.001136363636362345,0.030307145454511047
syn20m02m,68,-880.0,-880.0,-880.0,-879.0,-853.329712,0.0,0.0,0.001136363636362345,0.030307145454511047
syn20m03h,102,-1267.0,-1267.0,-1266.9997560000002,-1266.0,-1109.516602,0.0,1.925808996357648e-07,0.0007892659826355254,0.1242962888712516
syn20m03hfsg,102,-1267.0,-1267.0,-1267.0,-1266.0,71638.664062,0.0,0.0,0.0007892659826355254,57.54196058558994
syn20m03m,102,-1267.0,-1267.0,-1267.0,-1266.0,-1109.516602,0.0,0.0,0.0007892659826355254,0.1242962888712516
syn20m04h,136,-1840.0,-1840.0,-1839.999268,-1839.0,-1532.168701,0.0,3.9782608694047243e-07,0.0005434782608692699,0.16729961902164817
syn20m04hfsg,136,-1840.0,-1840.0,-1839.999512,-1839.0,-1532.168701,0.0,2.652173912524574e-07,0.0005434782608692699,0.16729961902164817
syn20m04m,136,-1840.0,-1840.0,-1840.0,-1839.0,-1532.168701,0.0,0.0,0.0005434782608692699,0.16729961902164817
syn30h,51,-572.0,-572.0,-571.9998780000001,-572.0,-545.268372,0.0,2.1328671314534965e-07,0.0,0.04673361538453368
syn30hfsg,51,-572.0,-572.0,-571.999634,-572.0,-545.268372,0.0,6.398601398335554e-07,0.0,0.04673361538453368
syn30m,51,-572.0,-572.0,-572.0,-572.0,-545.268372,0.0,0.0,0.0,0.04673361538453368
syn30m02h,102,-1040.0,-1040.0,-1040.0,-1039.0,-946.3797,0.0,0.0,0.000961538461537537,0.09001951923068272
syn30m02hfsg,102,-1040.0,-1040.0,-1040.0,-1039.0,-946.3797,0.0,0.0,0.000961538461537537,0.09001951923068272
syn30m02m,102,-1040.0,-1040.0,-1039.9998779999999,-1039.0,-946.3797,0.0,1.1730769244866312e-07,0.000961538461537537,0.09001951923068272
syn30m03h,153,-1512.0,-1507.9998779999999,-883.850708,-1511.9998779999999,63488.421875,0.002645583333331681,0.41544265343887865,8.068783078481897e-08,42.9896970072467
syn30m03hfsg,153,-1512.0,-1510.9998779999999,-725.319702,-1511.9998779999999,63488.421875,0.0006614563492060088,0.5202912023806082,8.068783078481897e-08,42.9896970072467
syn30m03m,153,-1512.0,-1510.9998779999999,-900.454651,-1511.9998779999999,63488.421875,0.0006614563492060088,0.40446120965581717,8.068783078481897e-08,42.9896970072467
syn30m04h,204,-2176.0,-2176.0,-2176.0,-2176.0,156937.34375,0.0,0.0,0.0,73.12194106154728
syn30m04hfsg,204,-2176.0,-2176.0,-2176.0,-2176.0,156937.34375,0.0,0.0,0.0,73.12194106154728
syn30m04m,204,-2176.0,-2176.0,-2176.0,-2176.0,42693.976562,0.0,0.0,0.0,20.620393640615525
syn40h,66,-775.0,-775.0,-775.0,-773.9999389999999,-774.899353,0.0,0.0,0.0012904012903210103,0.00012986709677400126
syn40hfsg,66,-775.0,-775.0,-775.0,-773.9999389999999,-774.899353,0.0,0.0,0.0012904012903210103,0.00012986709677400126
syn40m,66,-775.0,-775.0,-775.0,-773.9999389999999,-774.899353,0.0,0.0,0.0012904012903210103,0.00012986709677400126
syn40m02h,132,-681.0,-678.488586,-681.0,-679.9997559999999,19140.400391,0.003687832599113447,0.0,0.0014687870778246656,29.10631481787209
syn40m02hfsg,132,-681.0,-680.9997559999999,-680.999634,-679.9997559999999,19140.400391,3.5829662271031124e-07,5.374449338985259e-07,0.0014687870778246656,29.10631481787209
syn40m02m,132,-681.0,-679.9997559999999,-681.0,-679.9997559999999,19140.400391,0.0014687870778246656,0.0,0.0014687870778246656,29.10631481787209
syn40m03h,198,-2024.0,-2023.999878,-2024.0,-2022.999878,77305.484375,6.027667980202224e-08,0.0,0.0004941314229246172,39.194409276166404
syn40m03hfsg,198,-2024.0,-2023.999878,-2024.0,-2022.999878,77131.851562,6.027667980202224e-08,0.0,0.0004941314229246172,39.10862231322178
syn40m03m,198,-2024.0,-2024.0,-2024.0,-2022.999878,77305.484375,0.0,0.0,0.0004941314229246172,39.194409276166404
syn40m04h,264,-1353.0,-1350.9995119999999,-1340.184204,-1350.9995119999999,333112.78125,0.0014785572801172607,0.00947213303768708,0.0014785572801172607,247.20309035458448
syn40m04hfsg,264,-1353.0,-1351.9995119999999,-1347.300293,-1350.9995119999999,333112.78125,0.0007394589800438971,0.004212643754616243,0.0014785572801172607,247.20309035458448
syn40m04m,264,-1353.0,-1352.9995119999999,-1341.598633,-1350.9995119999999,333112.78125,3.60679970533481e-07,0.008426730968212498,0.0014785572801172607,247.20309035458448
synheat,44,0.0024,0.0024,0.0024,591.976013,15727325.0,0.0,0.0,246655.56931017947,6553049351.896105
synthes2,11,-81.4109,-33.146034,-45.580875,-67.2276,913.194702,0.5928550845084275,0.440113363192888,0.1742186857021085,12.217106087609679
synthes3,17,-202.3804,-202.380051,-202.287598,-202.380066,-202.317444,1.7244752950295987e-06,0.00045855231039936424,1.650357445719704e-06,0.0003110775549396232
tln12,24,0.0,0.0,0.0,0.0,0.0,0.0,0.0,0.0,0.0
tln2,4,0.0,0.0,0.0,0.0,0.0,0.0,0.0,0.0,0.0
tln4,8,0.0,0.0,0.0,0.0,0.0,0.0,0.0,0.0,0.0
tln5,10,0.0,0.0,0.0,0.0,0.0,0.0,0.0,0.0,0.0
tln6,12,0.0,0.0,0.0,0.0,0.0,0.0,0.0,0.0,0.0
tln7,14,0.0,0.0,0.0,0.0,0.0,0.0,0.0,0.0,0.0
tloss,12,0.0,0.0,0.0,0.0,0.0,0.0,0.0,0.0,0.0
tls12,272,0.0,0.0,0.0,0.0,0.0,0.0,0.0,0.0,0.0
tls2,17,0.0,0.0,0.0,0.0,0.0,0.0,0.0,0.0,0.0
tls4,25,0.0,0.0,0.0,0.0,0.0,0.0,0.0,0.0,0.0
tls5,31,0.0,0.0,0.0,0.0,0.0,0.0,0.0,0.0,0.0
tls6,53,0.0,0.0,0.0,0.0,0.0,0.0,0.0,0.0,0.0
tls7,72,0.0,0.0,0.0,0.0,0.0,0.0,0.0,0.0,0.0
tltr,11,0.0,0.0,0.0,0.0,0.0,0.0,0.0,0.0,0.0
toroidal2g20_5555,400,-26253528.0,-5419270.0,-22043844.0,-5503571.0,-21850770.0,0.7935793619813688,0.16034736360004645,0.79036832687782,0.16770157519400822
toroidal3g7_6666,343,-24714313.0,-2343004.0,-22450230.0,-1178124.0,-20938814.0,0.9051964746096726,0.09161019365579776,0.9523302954041247,0.1527656868309469
tspn05,20,0.0,0.0,0.0,0.0,0.0,0.0,0.0,0.0,0.0
tspn08,44,0.0,0.0,0.0,0.0,0.0,0.0,0.0,0.0,0.0
tspn10,65,0.0,0.0,0.0,0.0,0.0,0.0,0.0,0.0,0.0
tspn12,90,0.0,0.0,0.0,0.0,0.0,0.0,0.0,0.0,0.0
tspn15,135,0.0,0.0,0.0,0.0,0.0,0.0,0.0,0.0,0.0
var_con10,22,0.0,0.0,0.0,0.0,0.0,0.0,0.0,0.0,0.0
var_con5,22,0.0,0.0,0.0,0.0,0.0,0.0,0.0,0.0,0.0
waternd1,43,320026.523,320026.53125,320026.53125,320031.3125,320026.53125,2.577911335650187e-08,2.577911335650187e-08,1.4965947056874063e-05,2.577911335650187e-08
waternd2,148,320042.3106,320042.3125,320042.3125,320062.71875,329448.53125,5.936714962055488e-09,5.936714962055488e-09,6.376703743237431e-05,0.029390553493897766
waternd_blacksburg,478,55571.0711,55571.070312,55571.070312,55570.070312,55570.070312,1.4180039757335714e-08,1.4180039757335714e-08,1.8009154406914748e-05,1.8009154406914748e-05
waternd_fosspoly0,406,0.0,0.0,0.0,0.0,0.0,0.0,0.0,0.0,0.0
waternd_hanoi,204,0.0,0.0,0.0,0.0,0.0,0.0,0.0,0.0,0.0
waternd_shamir,112,0.0,0.0,0.0,0.0,0.0,0.0,0.0,0.0,0.0
